phase,scheduler,n_ues,spatial,traffic,n_runs,cell_throughput_mbps_mean,cell_throughput_mbps_std,cell_throughput_mbps_ci95_lo,cell_throughput_mbps_ci95_hi,jain_index_mean,jain_index_std,jain_index_ci95_lo,jain_index_ci95_hi,mean_delay_ms_mean,mean_delay_ms_std,mean_delay_ms_ci95_lo,mean_delay_ms_ci95_hi,plr_mean,plr_std,plr_ci95_lo,plr_ci95_hi
phase2_group_a,bet,10,clustered,homogeneous,20,6.57722,0.383175,6.397889,6.756551,0.999838,4.3e-05,0.999818,0.999858,4.680265,0.098278,4.634269,4.726261,0.015932,0.001508,0.015227,0.016638
phase2_group_a,bet,10,uniform,homogeneous,20,4.917195,0.9098,4.491396,5.342994,0.999807,7.6e-05,0.999772,0.999843,4.88101,0.095896,4.836129,4.925891,0.023403,0.004592,0.021254,0.025552
phase2_group_a,bet,20,clustered,homogeneous,20,5.973455,0.300676,5.832735,6.114175,0.999583,5.8e-05,0.999556,0.99961,4.86066,0.08189,4.822334,4.898986,0.023635,0.001553,0.022909,0.024362
phase2_group_a,bet,20,uniform,homogeneous,20,4.315315,0.573206,4.047046,4.583584,0.99959,0.000146,0.999521,0.999658,5.08477,0.069584,5.052204,5.117336,0.034027,0.004371,0.031981,0.036073
phase2_group_a,bet,40,clustered,homogeneous,20,5.97943,0.243206,5.865606,6.093254,0.998625,0.000113,0.998572,0.998678,4.94362,0.04806,4.921127,4.966113,0.033632,0.001132,0.033102,0.034162
phase2_group_a,bet,40,uniform,homogeneous,20,3.941785,0.448262,3.731992,4.151578,0.998524,0.000298,0.998384,0.998664,5.29403,0.092019,5.250964,5.337096,0.045812,0.00327,0.044282,0.047343
phase2_group_a,mlwdf,10,clustered,homogeneous,20,19.243125,0.783737,18.876325,19.609925,0.735528,0.016793,0.727669,0.743388,3.26115,0.027042,3.248494,3.273806,0.002115,0.000303,0.001974,0.002257
phase2_group_a,mlwdf,10,uniform,homogeneous,20,14.06054,2.420723,12.927607,15.193473,0.749677,0.06005,0.721573,0.777781,3.22466,0.020826,3.214913,3.234407,0.003644,0.00124,0.003063,0.004224
phase2_group_a,mlwdf,20,clustered,homogeneous,20,19.35824,0.601,19.076963,19.639517,0.747336,0.011119,0.742132,0.75254,3.25744,0.018927,3.248582,3.266298,0.002321,0.000355,0.002154,0.002487
phase2_group_a,mlwdf,20,uniform,homogeneous,20,14.15643,1.802261,13.312946,14.999914,0.747159,0.048219,0.724592,0.769726,3.204635,0.020629,3.19498,3.21429,0.00364,0.000725,0.003301,0.00398
phase2_group_a,mlwdf,40,clustered,homogeneous,20,20.29216,0.408277,20.10108,20.48324,0.766428,0.0091,0.762169,0.770687,3.244005,0.010454,3.239112,3.248898,0.002171,0.000194,0.00208,0.002261
phase2_group_a,mlwdf,40,uniform,homogeneous,20,14.436275,1.570225,13.701387,15.171163,0.738998,0.026554,0.72657,0.751425,3.189015,0.017713,3.180725,3.197305,0.003671,0.000525,0.003425,0.003917
phase2_group_a,mt,10,clustered,homogeneous,20,11.00899,0.204549,10.913258,11.104722,0.21036,0.056728,0.18381,0.236909,3.771655,0.159298,3.697101,3.846209,1.7e-05,4e-05,-2e-06,3.6e-05
phase2_group_a,mt,10,uniform,homogeneous,20,10.902795,0.343023,10.742256,11.063334,0.179979,0.065049,0.149535,0.210422,3.44557,0.112327,3.392999,3.498141,1.5e-05,5.9e-05,-1.3e-05,4.2e-05
phase2_group_a,mt,20,clustered,homogeneous,20,11.09179,0.26348,10.968478,11.215102,0.135429,0.053865,0.110219,0.160639,3.925945,0.237243,3.814912,4.036978,-2e-06,4.6e-05,-2.4e-05,1.9e-05
phase2_group_a,mt,20,uniform,homogeneous,20,11.087105,0.417715,10.891608,11.282602,0.11555,0.048805,0.092708,0.138391,3.56506,0.232189,3.456392,3.673728,0.0,2.8e-05,-1.3e-05,1.3e-05
phase2_group_a,mt,40,clustered,homogeneous,20,11.05222,0.198947,10.95911,11.14533,0.062,0.01958,0.052836,0.071164,3.93335,0.235415,3.823173,4.043527,-2.6e-05,7.8e-05,-6.2e-05,1.1e-05
phase2_group_a,mt,40,uniform,homogeneous,20,11.0748,0.390388,10.892093,11.257507,0.059014,0.021641,0.048886,0.069142,3.76672,0.2851,3.633289,3.900151,1.3e-05,4.8e-05,-1e-05,3.5e-05
phase2_group_a,pf,10,clustered,homogeneous,20,19.243125,0.783737,18.876325,19.609925,0.735528,0.016793,0.727669,0.743388,3.26115,0.027042,3.248494,3.273806,0.002115,0.000303,0.001974,0.002257
phase2_group_a,pf,10,uniform,homogeneous,20,14.06054,2.420723,12.927607,15.193473,0.749677,0.06005,0.721573,0.777781,3.22466,0.020826,3.214913,3.234407,0.003644,0.00124,0.003063,0.004224
phase2_group_a,pf,20,clustered,homogeneous,20,19.35824,0.601,19.076963,19.639517,0.747336,0.011119,0.742132,0.75254,3.25744,0.018927,3.248582,3.266298,0.002321,0.000355,0.002154,0.002487
phase2_group_a,pf,20,uniform,homogeneous,20,14.15643,1.802261,13.312946,14.999914,0.747159,0.048219,0.724592,0.769726,3.204635,0.020629,3.19498,3.21429,0.00364,0.000725,0.003301,0.00398
phase2_group_a,pf,40,clustered,homogeneous,20,20.29216,0.408277,20.10108,20.48324,0.766428,0.0091,0.762169,0.770687,3.244005,0.010454,3.239112,3.248898,0.002171,0.000194,0.00208,0.002261
phase2_group_a,pf,40,uniform,homogeneous,20,14.436275,1.570225,13.701387,15.171163,0.738998,0.026554,0.72657,0.751425,3.189015,0.017713,3.180725,3.197305,0.003671,0.000525,0.003425,0.003917
phase2_group_a,pss,10,clustered,homogeneous,20,19.314495,0.797907,18.941063,19.687927,0.738196,0.017816,0.729858,0.746534,3.258915,0.025504,3.246979,3.270851,0.002009,0.000313,0.001862,0.002155
phase2_group_a,pss,10,uniform,homogeneous,20,14.165905,2.410865,13.037585,15.294225,0.750857,0.059115,0.72319,0.778523,3.22495,0.020592,3.215313,3.234587,0.003192,0.000946,0.002749,0.003635
phase2_group_a,pss,20,clustered,homogeneous,20,20.299735,0.801875,19.924446,20.675024,0.692459,0.020348,0.682936,0.701982,3.19722,0.012275,3.191475,3.202965,0.001545,0.000225,0.001439,0.00165
phase2_group_a,pss,20,uniform,homogeneous,20,14.52764,1.943946,13.617845,15.437435,0.706912,0.070111,0.674099,0.739724,3.17595,0.014449,3.169188,3.182712,0.002563,0.000487,0.002335,0.002791
phase2_group_a,pss,40,clustered,homogeneous,20,20.254295,0.512796,20.014299,20.494291,0.716373,0.009701,0.711833,0.720913,3.1659,0.006423,3.162894,3.168906,0.001232,0.000132,0.001171,0.001294
phase2_group_a,pss,40,uniform,homogeneous,20,13.873485,1.635713,13.107948,14.639022,0.697748,0.039667,0.679183,0.716312,3.139575,0.006701,3.136439,3.142711,0.002156,0.000276,0.002027,0.002285
phase2_group_a,rr,10,clustered,homogeneous,20,8.414585,0.702071,8.086006,8.743164,0.625191,0.0384,0.607219,0.643163,4.920985,0.108188,4.870352,4.971618,0.021743,0.001593,0.020998,0.022489
phase2_group_a,rr,10,uniform,homogeneous,20,5.600135,1.289365,4.996694,6.203576,0.666448,0.082106,0.628021,0.704874,5.20068,0.144754,5.132933,5.268427,0.031158,0.005248,0.028702,0.033615
phase2_group_a,rr,20,clustered,homogeneous,20,11.347575,0.781564,10.981792,11.713358,0.632579,0.026176,0.620328,0.64483,5.064145,0.058563,5.036737,5.091553,0.026721,0.0012,0.026159,0.027283
phase2_group_a,rr,20,uniform,homogeneous,20,7.22365,1.288381,6.620669,7.826631,0.641932,0.086279,0.601552,0.682311,5.29261,0.083632,5.253469,5.331751,0.036753,0.003977,0.034892,0.038614
phase2_group_a,rr,40,clustered,homogeneous,20,11.060045,0.474726,10.837866,11.282224,0.675242,0.010776,0.670199,0.680286,5.250085,0.058411,5.222748,5.277422,0.030498,0.001315,0.029882,0.031113
phase2_group_a,rr,40,uniform,homogeneous,20,6.74647,1.017739,6.270154,7.222786,0.642231,0.047311,0.620089,0.664373,5.614705,0.083741,5.575513,5.653897,0.044854,0.004029,0.042968,0.04674
phase2_group_a,tta,10,clustered,homogeneous,20,14.80451,1.031802,14.321612,15.287408,0.744105,0.0382,0.726228,0.761983,3.385695,0.02795,3.372614,3.398776,0.007731,0.001553,0.007004,0.008458
phase2_group_a,tta,10,uniform,homogeneous,20,11.273335,1.621656,10.514377,12.032293,0.755062,0.07978,0.717724,0.7924,3.34091,0.021794,3.33071,3.35111,0.012665,0.004487,0.010564,0.014765
phase2_group_a,tta,20,clustered,homogeneous,20,13.70716,0.655346,13.400449,14.013871,0.728916,0.040483,0.709969,0.747862,3.56273,0.036002,3.545881,3.579579,0.011272,0.001701,0.010476,0.012068
phase2_group_a,tta,20,uniform,homogeneous,20,10.035525,1.445377,9.359068,10.711982,0.776838,0.0745,0.741971,0.811705,3.502005,0.034411,3.4859,3.51811,0.018186,0.004771,0.015954,0.020419
phase2_group_a,tta,40,clustered,homogeneous,20,13.238185,0.402773,13.049681,13.426689,0.709778,0.02992,0.695775,0.723781,3.78471,0.030447,3.77046,3.79896,0.014858,0.001801,0.014016,0.015701
phase2_group_a,tta,40,uniform,homogeneous,20,8.885595,1.165588,8.340083,9.431107,0.80182,0.04244,0.781957,0.821683,3.70237,0.027993,3.689269,3.715471,0.028174,0.004196,0.02621,0.030138
phase3_group_b,bet,10,clustered,heterogeneous,20,5.065975,0.287136,4.931591,5.200359,0.76487,0.003714,0.763132,0.766608,4.72,0.107483,4.669696,4.770304,0.014821,0.001839,0.013961,0.015682
phase3_group_b,bet,10,uniform,heterogeneous,20,3.89377,0.712268,3.560418,4.227122,0.785715,0.013656,0.779323,0.792106,4.91907,0.098614,4.872917,4.965223,0.021982,0.004914,0.019683,0.024282
phase3_group_b,bet,20,clustered,heterogeneous,20,4.651215,0.197608,4.558732,4.743698,0.804621,0.006369,0.801641,0.807602,4.887025,0.077157,4.850915,4.923135,0.023091,0.001333,0.022467,0.023714
phase3_group_b,bet,20,uniform,heterogeneous,20,3.476345,0.407188,3.285775,3.666915,0.856394,0.022109,0.846047,0.866741,5.116395,0.071734,5.082822,5.149968,0.033887,0.004578,0.031744,0.036029
phase3_group_b,bet,40,clustered,heterogeneous,20,5.163585,0.165432,5.08616,5.24101,0.924727,0.006486,0.921692,0.927763,4.95453,0.047853,4.932134,4.976926,0.033303,0.001146,0.032767,0.033839
phase3_group_b,bet,40,uniform,heterogeneous,20,3.689235,0.336828,3.531595,3.846875,0.984042,0.012719,0.978089,0.989995,5.29421,0.091362,5.251451,5.336969,0.045262,0.003428,0.043657,0.046866
phase3_group_b,mlwdf,10,clustered,heterogeneous,20,12.443175,0.762044,12.086527,12.799823,0.567356,0.029705,0.553453,0.581258,3.228795,0.017555,3.220579,3.237011,0.00437,0.001046,0.003881,0.004859
phase3_group_b,mlwdf,10,uniform,heterogeneous,20,9.36295,1.930681,8.459364,10.266536,0.651436,0.053615,0.626344,0.676529,3.20258,0.013099,3.196449,3.208711,0.007255,0.002739,0.005973,0.008536
phase3_group_b,mlwdf,20,clustered,heterogeneous,20,13.032755,0.531913,12.783812,13.281698,0.595897,0.008655,0.591846,0.599948,3.250755,0.017129,3.242738,3.258772,0.004041,0.000707,0.00371,0.004371
phase3_group_b,mlwdf,20,uniform,heterogeneous,20,9.74516,1.597192,8.997651,10.492669,0.56401,0.02999,0.549974,0.578046,3.214265,0.020513,3.204665,3.223865,0.006614,0.00209,0.005636,0.007592
phase3_group_b,mlwdf,40,clustered,heterogeneous,20,14.651075,0.378204,14.47407,14.82808,0.524324,0.006555,0.521256,0.527392,3.27075,0.012507,3.264896,3.276604,0.00342,0.000409,0.003229,0.003612
phase3_group_b,mlwdf,40,uniform,heterogeneous,20,10.342115,1.394831,9.689314,10.994916,0.524298,0.026396,0.511945,0.536652,3.231245,0.014188,3.224605,3.237885,0.006528,0.001139,0.005995,0.007061
phase3_group_b,mt,10,clustered,heterogeneous,20,11.478915,0.438865,11.27352,11.68431,0.138452,0.023777,0.127324,0.14958,3.51816,0.089578,3.476236,3.560084,-1.3e-05,5e-05,-3.6e-05,1.1e-05
phase3_group_b,mt,10,uniform,heterogeneous,20,10.20058,1.236803,9.621739,10.779421,0.278487,0.167768,0.199969,0.357005,3.459865,0.107238,3.409676,3.510054,6.5e-05,0.000106,1.5e-05,0.000114
phase3_group_b,mt,20,clustered,heterogeneous,20,12.42018,0.658741,12.11188,12.72848,0.119939,0.031992,0.104966,0.134912,3.65406,0.102799,3.605948,3.702172,-6e-06,6.8e-05,-3.8e-05,2.5e-05
phase3_group_b,mt,20,uniform,heterogeneous,20,10.95435,0.841129,10.560689,11.348011,0.122887,0.073844,0.088327,0.157448,3.4669,0.177661,3.383752,3.550048,3.7e-05,9.7e-05,-8e-06,8.3e-05
phase3_group_b,mt,40,clustered,heterogeneous,20,12.88602,0.848491,12.488914,13.283126,0.093706,0.041399,0.07433,0.113081,3.790515,0.128573,3.730341,3.850689,-9e-06,4.1e-05,-2.8e-05,1.1e-05
phase3_group_b,mt,40,uniform,heterogeneous,20,11.57972,0.726138,11.239877,11.919563,0.053758,0.030998,0.039251,0.068266,3.5446,0.204398,3.448939,3.640261,6e-06,7.2e-05,-2.8e-05,4e-05
phase3_group_b,pf,10,clustered,heterogeneous,20,13.226115,0.568109,12.960232,13.491998,0.506264,0.027181,0.493542,0.518985,3.21179,0.011785,3.206274,3.217306,0.002773,0.000628,0.002479,0.003067
phase3_group_b,pf,10,uniform,heterogeneous,20,10.39288,2.129745,9.396129,11.389631,0.611371,0.090063,0.56922,0.653521,3.19569,0.011845,3.190146,3.201234,0.004897,0.00187,0.004022,0.005772
phase3_group_b,pf,20,clustered,heterogeneous,20,15.156915,0.457371,14.942859,15.370971,0.543245,0.011601,0.537815,0.548675,3.25758,0.018075,3.249121,3.266039,0.002904,0.000377,0.002728,0.003081
phase3_group_b,pf,20,uniform,heterogeneous,20,11.45703,1.636127,10.691299,12.222761,0.561348,0.054925,0.535642,0.587053,3.222905,0.015742,3.215537,3.230273,0.004818,0.001362,0.00418,0.005455
phase3_group_b,pf,40,clustered,heterogeneous,20,16.643675,0.362813,16.473873,16.813477,0.574954,0.006796,0.571773,0.578135,3.280245,0.011321,3.274947,3.285543,0.00229,0.000284,0.002157,0.002423
phase3_group_b,pf,40,uniform,heterogeneous,20,11.882025,1.428793,11.213329,12.550721,0.583064,0.02845,0.569749,0.596379,3.233365,0.015448,3.226135,3.240595,0.004325,0.000692,0.004001,0.004649
phase3_group_b,pss,10,clustered,heterogeneous,20,14.146445,0.692648,13.822276,14.470614,0.510659,0.028234,0.497446,0.523873,3.279835,0.025307,3.267991,3.291679,0.002741,0.000585,0.002467,0.003015
phase3_group_b,pss,10,uniform,heterogeneous,20,10.78477,2.209971,9.750472,11.819068,0.626267,0.085508,0.586248,0.666285,3.253545,0.021646,3.243414,3.263676,0.004569,0.001768,0.003742,0.005397
phase3_group_b,pss,20,clustered,heterogeneous,20,14.205865,0.556117,13.945594,14.466136,0.59608,0.010759,0.591044,0.601116,3.26968,0.01671,3.261859,3.277501,0.002742,0.000527,0.002495,0.002989
phase3_group_b,pss,20,uniform,heterogeneous,20,10.614325,1.714055,9.812122,11.416528,0.552583,0.021631,0.54246,0.562707,3.232815,0.022442,3.222312,3.243318,0.004539,0.001582,0.003798,0.005279
phase3_group_b,pss,40,clustered,heterogeneous,20,13.34028,0.506981,13.103006,13.577554,0.400326,0.002272,0.399263,0.401389,3.263585,0.013798,3.257127,3.270043,0.003811,0.000582,0.003539,0.004083
phase3_group_b,pss,40,uniform,heterogeneous,20,8.985895,1.569533,8.251331,9.720459,0.431862,0.014137,0.425246,0.438479,3.24713,0.012597,3.241234,3.253026,0.007566,0.001854,0.006699,0.008434
phase3_group_b,rr,10,clustered,heterogeneous,20,8.863975,0.737221,8.518945,9.209005,0.492103,0.052665,0.467455,0.516751,5.00655,0.104765,4.957519,5.055581,0.023166,0.001437,0.022494,0.023839
phase3_group_b,rr,10,uniform,heterogeneous,20,6.368305,1.763327,5.543042,7.193568,0.568459,0.092044,0.525381,0.611536,5.272855,0.136479,5.208981,5.336729,0.030559,0.005334,0.028063,0.033055
phase3_group_b,rr,20,clustered,heterogeneous,20,9.56585,0.632447,9.269856,9.861844,0.473412,0.028258,0.460187,0.486637,5.10895,0.075733,5.073506,5.144394,0.02696,0.00145,0.026282,0.027639
phase3_group_b,rr,20,uniform,heterogeneous,20,6.342965,1.360956,5.706018,6.979912,0.504692,0.105819,0.455167,0.554216,5.35927,0.081117,5.321306,5.397234,0.037453,0.004413,0.035388,0.039518
phase3_group_b,rr,40,clustered,heterogeneous,20,10.484445,0.504399,10.248379,10.720511,0.53427,0.014672,0.527404,0.541137,5.112385,0.05311,5.087529,5.137241,0.028581,0.001024,0.028102,0.029061
phase3_group_b,rr,40,uniform,heterogeneous,20,6.18044,1.030162,5.698309,6.662571,0.580121,0.060744,0.551692,0.60855,5.499905,0.104561,5.450969,5.548841,0.043608,0.004464,0.041519,0.045697
phase3_group_b,tta,10,clustered,heterogeneous,20,12.89133,0.973085,12.435912,13.346748,0.532887,0.084948,0.49313,0.572644,3.35448,0.026848,3.341915,3.367045,0.007229,0.001491,0.006531,0.007927
phase3_group_b,tta,10,uniform,heterogeneous,20,9.99267,1.751914,9.172749,10.812591,0.637888,0.079788,0.600546,0.67523,3.324225,0.019844,3.314938,3.333512,0.011885,0.004389,0.009831,0.013939
phase3_group_b,tta,20,clustered,heterogeneous,20,13.033375,0.702557,12.704568,13.362182,0.526989,0.038297,0.509065,0.544912,3.490395,0.02535,3.478531,3.502259,0.00982,0.001282,0.009221,0.01042
phase3_group_b,tta,20,uniform,heterogeneous,20,9.435015,1.335971,8.809761,10.060269,0.624253,0.069299,0.59182,0.656686,3.433285,0.026537,3.420865,3.445705,0.016679,0.004476,0.014584,0.018774
phase3_group_b,tta,40,clustered,heterogeneous,20,12.35854,0.466198,12.140353,12.576727,0.593932,0.030892,0.579474,0.608389,3.70953,0.026265,3.697237,3.721823,0.013744,0.001568,0.01301,0.014478
phase3_group_b,tta,40,uniform,heterogeneous,20,8.49152,1.11776,7.968392,9.014648,0.707324,0.05476,0.681695,0.732952,3.642245,0.029917,3.628243,3.656247,0.026363,0.004314,0.024344,0.028382
phase4_extent_a,cqa,10,clustered,homogeneous,20,7.502045,0.414962,7.307837,7.696253,0.999618,0.000215,0.999517,0.999719,3.325545,0.026274,3.313248,3.337842,0.009198,0.002173,0.008182,0.010215
phase4_extent_a,cqa,10,uniform,homogeneous,20,5.764795,1.008678,5.292719,6.236871,0.999569,0.000167,0.999491,0.999648,3.30319,0.016108,3.295651,3.310729,0.015162,0.005593,0.012544,0.01778
phase4_extent_a,cqa,20,clustered,homogeneous,20,7.01749,0.302348,6.875987,7.158993,0.998929,0.000261,0.998807,0.999052,3.40092,0.026406,3.388562,3.413278,0.011416,0.001596,0.010669,0.012163
phase4_extent_a,cqa,20,uniform,homogeneous,20,5.305305,0.600995,5.024031,5.586579,0.999297,0.000262,0.999174,0.999419,3.38659,0.016637,3.378804,3.394376,0.017012,0.003919,0.015178,0.018846
phase4_extent_a,cqa,40,clustered,homogeneous,20,6.94877,0.22811,6.842011,7.055529,0.996829,0.000308,0.996684,0.996973,3.54497,0.021731,3.5348,3.55514,0.011522,0.001393,0.01087,0.012174
phase4_extent_a,cqa,40,uniform,homogeneous,20,5.046345,0.410097,4.854414,5.238276,0.998246,0.000415,0.998051,0.99844,3.5353,0.02345,3.524325,3.546275,0.018654,0.002563,0.017455,0.019854
phase4_extent_b,cqa,10,clustered,heterogeneous,20,6.017315,0.277961,5.887225,6.147405,0.438599,0.005262,0.436136,0.441061,3.35338,0.041367,3.334019,3.372741,0.008333,0.002409,0.007206,0.009461
phase4_extent_b,cqa,10,uniform,heterogeneous,20,5.37401,1.044053,4.885378,5.862642,0.446882,0.021966,0.436601,0.457162,3.347775,0.034327,3.331709,3.363841,0.013779,0.006899,0.01055,0.017008
phase4_extent_b,cqa,20,clustered,heterogeneous,20,7.61269,0.524651,7.367146,7.858234,0.403349,0.003953,0.401499,0.405199,3.40781,0.028232,3.394597,3.421023,0.009667,0.002349,0.008568,0.010767
phase4_extent_b,cqa,20,uniform,heterogeneous,20,6.217285,1.291768,5.612719,6.821851,0.41917,0.014726,0.412277,0.426062,3.40496,0.023165,3.394119,3.415801,0.015246,0.005886,0.012491,0.018
phase4_extent_b,cqa,40,clustered,heterogeneous,20,8.72591,0.38019,8.547975,8.903845,0.439234,0.004223,0.437257,0.44121,3.50839,0.017338,3.500276,3.516504,0.010768,0.001617,0.010012,0.011525
phase4_extent_b,cqa,40,uniform,heterogeneous,20,6.194025,1.025652,5.714005,6.674045,0.48316,0.02167,0.473019,0.493302,3.49685,0.025295,3.485011,3.508689,0.019508,0.00375,0.017753,0.021263
